{
  "IcoMoonType": "selection",
  "icons": [
    {
      "icon": {
        "paths": [
          "M928 128h-832c-52.8 0-96 43.2-96 96v640c0 52.8 43.2 96 96 96h832c52.8 0 96-43.2 96-96v-640c0-52.8-43.2-96-96-96zM398.74 550.372l-270.74 210.892v-501.642l270.74 290.75zM176.38 256h671.24l-335.62 252-335.62-252zM409.288 561.698l102.712 110.302 102.71-110.302 210.554 270.302h-626.528l210.552-270.302zM625.26 550.372l270.74-290.75v501.642l-270.74-210.892z"
        ],
        "tags": [
          "envelop",
          "mail",
          "email",
          "contact",
          "letter"
        ],
        "defaultCode": 59717,
        "grid": 16,
        "attrs": []
      },
      "attrs": [],
      "properties": {
        "ligatures": "envelop, mail",
        "name": "envelop",
        "order": 2,
        "id": 70,
        "prevSize": 32,
        "code": 59717
      },
      "setIdx": 0,
      "setId": 1,
      "iconIdx": 69
    },
    {
      "icon": {
        "paths": [
          "M512 0c-176.732 0-320 143.268-320 320 0 320 320 704 320 704s320-384 320-704c0-176.732-143.27-320-320-320zM512 512c-106.040 0-192-85.96-192-192s85.96-192 192-192 192 85.96 192 192-85.96 192-192 192z"
        ],
        "tags": [
          "location",
          "map-marker",
          "pin"
        ],
        "defaultCode": 59719,
        "grid": 16,
        "attrs": []
      },
      "attrs": [],
      "properties": {
        "ligatures": "location, map-marker",
        "name": "location",
        "order": 3,
        "id": 72,
        "prevSize": 32,
        "code": 59719
      },
      "setIdx": 0,
      "setId": 1,
      "iconIdx": 71
    }
  ],
  "height": 1024,
  "metadata": {
    "name": "icomoon"
  },
  "preferences": {
    "showGlyphs": true,
    "showQuickUse": true,
    "showQuickUse2": true,
    "showSVGs": true,
    "fontPref": {
      "prefix": "icon-",
      "metadata": {
        "fontFamily": "icomoon"
      },
      "metrics": {
        "emSize": 1024,
        "baseline": 6.25,
        "whitespace": 50
      },
      "embed": false
    },
    "imagePref": {
      "prefix": "icon-",
      "png": true,
      "useClassSelector": true,
      "color": 0,
      "bgColor": 16777215,
      "classSelector": ".icon"
    },
    "historySize": 50,
    "showCodes": true,
    "gridSize": 16
  }
}